regional_council,territorial_authority,education_region,total_schools_directory,schools_with_rolls,total_students_2025,schools_with_teachers,total_teacher_headcount_latest,total_teacher_ftte_latest,schools_in_ptr_overlap,students_in_ptr_overlap,teacher_headcount_in_ptr_overlap,teacher_ftte_in_ptr_overlap,avg_students_per_school_2025,ptr_headcount_overlap,ptr_ftte_overlap,roll_year,teacher_year
Canterbury Region,Christchurch City,"Canterbury, Chatham Islands",145,141.0,63951.0,131.0,4728.0,3961.7164,131.0,58953.0,4728.0,3961.7164000000002,453.5531914893617,12.468908629441625,14.880671418075256,2025,2024
Waikato Region,Hamilton City,Waikato,60,60.0,36412.0,57.0,2680.0,2380.7729,57.0,34866.0,2680.0,2380.7729,606.8666666666667,13.009701492537314,14.64482395611946,2025,2024
Wellington Region,Wellington City,Wellington,82,79.0,30018.0,75.0,2712.0,2293.0468,74.0,27493.0,2211.0,1862.0935,379.9746835443038,12.434644957033017,14.764564722448148,2025,2024
Bay of Plenty Region,Tauranga City,"Bay of Plenty, Waiariki",46,46.0,28590.0,44.0,2103.0,1815.0827,44.0,28157.0,2103.0,1815.0827,621.5217391304348,13.388968140751308,15.512791786291611,2025,2024
Auckland Region,Howick Local Board Area,Tāmaki Herenga Manawa,35,35.0,27918.0,34.0,1797.0,1566.3479,34.0,25573.0,1797.0,1566.3479,797.6571428571428,14.230940456316082,16.326513413782468,2025,2024
Auckland Region,Albert-Eden Local Board Area,Tāmaki Herenga Manawa,33,31.0,23391.0,26.0,1356.0,1164.3197,26.0,19422.0,1356.0,1164.3197,754.5483870967741,14.323008849557523,16.680985471602,2025,2024
Auckland Region,Henderson-Massey Local Board Area,Tāmaki Herenga Tāngata,45,43.0,21779.0,41.0,1503.0,1318.1323,41.0,20907.0,1503.0,1318.1323,506.48837209302326,13.910179640718562,15.861078588241863,2025,2024
Auckland Region,Hibiscus and Bays Local Board Area,Tāmaki Herenga Tāngata,26,25.0,19509.0,23.0,1306.0,1129.4912,23.0,18909.0,1306.0,1129.4912,780.36,14.478560490045941,16.74116628797108,2025,2024
Otago Region,Dunedin City,"Otago, Southland",72,71.0,18213.0,70.0,1506.0,1309.5304,70.0,18162.0,1506.0,1309.5304,256.5211267605634,12.0597609561753,13.869093836996834,2025,2024
Auckland Region,Manurewa Local Board Area,Tāmaki Herenga Waka,33,33.0,17631.0,30.0,1309.0,1165.6273,30.0,17238.0,1309.0,1165.6273,534.2727272727273,13.168831168831169,14.78860352704505,2025,2024
Wellington Region,Lower Hutt City,Wellington,55,53.0,17466.0,51.0,1410.0,1185.6856,51.0,16973.0,1410.0,1185.6856,329.54716981132077,12.03758865248227,14.314924630947697,2025,2024
Auckland Region,Ōtara-Papatoetoe Local Board Area,Tāmaki Herenga Waka,32,31.0,17040.0,30.0,1186.0,1054.394,30.0,17031.0,1186.0,1054.394,549.6774193548387,14.360033726812816,16.15240602658968,2025,2024
Auckland Region,Upper Harbour Local Board Area,Tāmaki Herenga Tāngata,22,22.0,16875.0,19.0,970.0,844.204,19.0,13681.0,970.0,844.204,767.0454545454545,14.104123711340206,16.20579859844303,2025,2024
Northland Region,Whangarei District,Tai Tokerau,55,55.0,16357.0,53.0,1358.0,1172.6818,53.0,16000.0,1358.0,1172.6818,297.4,11.782032400589102,13.643939899126941,2025,2024
Auckland Region,Devonport-Takapuna Local Board Area,Tāmaki Herenga Tāngata,24,24.0,16247.0,22.0,1172.0,995.1270999999999,22.0,16138.0,1172.0,995.1271,676.9583333333334,13.76962457337884,16.21702393593743,2025,2024
Manawatū-Whanganui Region,Palmerston North City,"Taranaki, Whanganui, Manawatū",45,43.0,16158.0,41.0,1334.0,1155.0936,41.0,16008.0,1334.0,1155.0936,375.7674418604651,12.0,13.858617171803221,2025,2024
Taranaki Region,New Plymouth District,"Taranaki, Whanganui, Manawatū",52,51.0,15586.0,50.0,1241.0,1045.0189,50.0,15491.0,1241.0,1045.0189,305.6078431372549,12.482675261885577,14.82365534250146,2025,2024
Hawke's Bay Region,Hastings District,"Hawke's Bay, Tairāwhiti",60,58.0,15494.0,56.0,1317.0,1125.6707,56.0,15164.0,1317.0,1125.6707,267.13793103448273,11.514047076689446,13.471079952600704,2025,2024
Auckland Region,Ōrākei Local Board Area,Tāmaki Herenga Manawa,27,26.0,15414.0,22.0,1051.0,870.3588,22.0,13605.0,1051.0,870.3588,592.8461538461538,12.944814462416746,15.631484394711698,2025,2024
Auckland Region,Māngere-Ōtāhuhu Local Board Area,Tāmaki Herenga Waka,32,32.0,14921.0,31.0,1124.0,1008.1216,31.0,13724.0,1124.0,1008.1216,466.28125,12.209964412811388,13.613437109174132,2025,2024
Canterbury Region,Selwyn District,"Canterbury, Chatham Islands",33,32.0,13525.0,32.0,1024.0,873.1921,32.0,13525.0,1024.0,873.1921,422.65625,13.2080078125,15.489146088243356,2025,2024
Bay of Plenty Region,Rotorua District,"Bay of Plenty, Waiariki",41,40.0,13080.0,39.0,1085.0,963.8411000000001,39.0,13069.0,1085.0,963.8411000000001,327.0,12.04516129032258,13.559288974085042,2025,2024
Auckland Region,Papakura Local Board Area,Tāmaki Herenga Waka,25,23.0,12295.0,21.0,800.0,685.2121,21.0,11010.0,800.0,685.2121,534.5652173913044,13.7625,16.068017479551223,2025,2024
Auckland Region,Franklin Local Board Area,Tāmaki Herenga Waka,39,38.0,12280.0,37.0,911.0,779.4405,37.0,11958.0,911.0,779.4405,323.1578947368421,13.126234906695938,15.341774003275425,2025,2024
Auckland Region,Waitematā Local Board Area,Tāmaki Herenga Manawa,28,21.0,11833.0,18.0,1046.0,859.8192,18.0,9707.0,1046.0,859.8192,563.4761904761905,9.280114722753346,11.289582740185379,2025,2024
Northland Region,Far North District,Tai Tokerau,76,73.0,11622.0,71.0,1067.0,921.7582,71.0,11401.0,1067.0,921.7582000000001,159.2054794520548,10.68509840674789,12.368753540787594,2025,2024
Waikato Region,Waipa District,Waikato,35,35.0,11385.0,34.0,786.0,656.8569,34.0,10208.0,786.0,656.8569,325.2857142857143,12.987277353689567,15.540675602250658,2025,2024
Hawke's Bay Region,Napier City,"Hawke's Bay, Tairāwhiti",36,35.0,11376.0,33.0,925.0,787.9613,33.0,11318.0,925.0,787.9613,325.0285714285714,12.235675675675676,14.363649585328618,2025,2024
Auckland Region,Kaipātiki Local Board Area,Tāmaki Herenga Tāngata,25,25.0,10400.0,25.0,842.0,726.0877,25.0,10400.0,842.0,726.0877,416.0,12.351543942992874,14.323338627000567,2025,2024
Southland Region,Invercargill City,"Otago, Southland",31,30.0,10228.0,29.0,834.0,730.6503,29.0,10212.0,834.0,730.6503,340.93333333333334,12.244604316546763,13.976590442787746,2025,2024
Auckland Region,Rodney Local Board Area,Tāmaki Herenga Tāngata,32,32.0,10007.0,31.0,771.0,642.5815,31.0,9936.0,771.0,642.5815,312.71875,12.88715953307393,15.462630032143782,2025,2024
Auckland Region,Puketāpapa Local Board Area,Tāmaki Herenga Manawa,21,21.0,9873.0,21.0,850.0,729.4451,21.0,9873.0,850.0,729.4451,470.14285714285717,11.615294117647059,13.534945947268683,2025,2024
Auckland Region,Maungakiekie-Tāmaki Local Board Area,Tāmaki Herenga Manawa,28,27.0,9851.0,24.0,799.0,689.047,24.0,9753.0,799.0,689.047,364.85185185185185,12.206508135168962,14.154331997672147,2025,2024
Wellington Region,Porirua City,Wellington,38,36.0,9724.0,34.0,828.0,715.6263,34.0,9361.0,828.0,715.6263,270.1111111111111,11.305555555555555,13.080849599854002,2025,2024
Canterbury Region,Waimakariri District,"Canterbury, Chatham Islands",27,27.0,9269.0,26.0,750.0,624.1716,26.0,9245.0,750.0,624.1716,343.2962962962963,12.326666666666666,14.811631929424536,2025,2024
Gisborne Region,Gisborne District,"Hawke's Bay, Tairāwhiti",53,51.0,8994.0,50.0,895.0,775.9555,50.0,8992.0,895.0,775.9555,176.35294117647058,10.046927374301676,11.588293400845796,2025,2024
Nelson Region,Nelson City,"Nelson, Marlborough, West Coast",23,23.0,8770.0,21.0,733.0,597.0055,21.0,8667.0,733.0,597.0055,381.30434782608694,11.824010914051842,14.517454194308094,2025,2024
Waikato Region,Waikato District,Waikato,46,46.0,8358.0,45.0,665.0,561.3932,45.0,8303.0,665.0,561.3932,181.69565217391303,12.485714285714286,14.789990331197457,2025,2024
Wellington Region,Kapiti Coast District,Wellington,20,20.0,8234.0,20.0,625.0,531.7994,20.0,8234.0,625.0,531.7994,411.7,13.1744,15.483281854022401,2025,2024
Manawatū-Whanganui Region,Whanganui District,"Taranaki, Whanganui, Manawatū",40,40.0,8138.0,37.0,737.0,628.7566,37.0,7819.0,737.0,628.7566,203.45,10.609226594301221,12.43565475097995,2025,2024
Canterbury Region,Timaru District,"Canterbury, Chatham Islands",28,28.0,8090.0,27.0,680.0,573.0235,27.0,7975.0,680.0,573.0235,288.92857142857144,11.727941176470589,13.91740478357345,2025,2024
Wellington Region,Upper Hutt City,Wellington,22,21.0,7936.0,19.0,615.0,527.3874000000001,19.0,7892.0,615.0,527.3874000000001,377.9047619047619,12.832520325203252,14.96433172275257,2025,2024
Tasman Region,Tasman District,"Nelson, Marlborough, West Coast",35,35.0,7915.0,35.0,697.0,566.3124,35.0,7915.0,697.0,566.3124,226.14285714285714,11.355810616929698,13.976384765722946,2025,2024
Auckland Region,Howick Local Board Area,Tāmaki Herenga Waka,9,8.0,7170.0,7.0,482.0,428.10620000000006,7.0,7033.0,482.0,428.10620000000006,896.25,14.591286307053942,16.428166655843803,2025,2024
Auckland Region,Whau Local Board Area,Tāmaki Herenga Manawa,12,12.0,7120.0,12.0,488.0,417.98699999999997,12.0,7120.0,488.0,417.98699999999997,593.3333333333334,14.59016393442623,17.034022589219283,2025,2024
Bay of Plenty Region,Whakatane District,"Bay of Plenty, Waiariki",34,33.0,6997.0,32.0,622.0,523.3514,32.0,6984.0,622.0,523.3514,212.03030303030303,11.228295819935692,13.34476223814439,2025,2024
Marlborough Region,Marlborough District,"Nelson, Marlborough, West Coast",30,29.0,6970.0,29.0,588.0,473.5735,29.0,6970.0,588.0,473.5735,240.3448275862069,11.853741496598639,14.717884341079051,2025,2024
Otago Region,Queenstown-Lakes District,"Otago, Southland",17,16.0,6928.0,15.0,511.0,423.28000000000003,15.0,6877.0,511.0,423.28000000000003,433.0,13.457925636007827,16.246928746928745,2025,2024
Auckland Region,Whau Local Board Area,Tāmaki Herenga Tāngata,12,12.0,6723.0,12.0,550.0,477.2265,12.0,6723.0,550.0,477.2265,560.25,12.223636363636365,14.087650203834029,2025,2024
Bay of Plenty Region,Western Bay of Plenty District,"Bay of Plenty, Waiariki",24,24.0,6525.0,23.0,493.0,420.46389999999997,23.0,6481.0,493.0,420.46389999999997,271.875,13.14604462474645,15.413927331216783,2025,2024
Waikato Region,Taupo District,"Bay of Plenty, Waiariki",19,19.0,6405.0,19.0,523.0,433.6749,19.0,6405.0,523.0,433.6749,337.10526315789474,12.246653919694072,14.769127749842106,2025,2024
Waikato Region,Matamata-Piako District,Waikato,29,29.0,6314.0,29.0,528.0,439.5754,29.0,6314.0,528.0,439.5754,217.72413793103448,11.958333333333334,14.363861125986578,2025,2024
Auckland Region,Waitākere Ranges Local Board Area,Tāmaki Herenga Tāngata,14,14.0,5890.0,13.0,433.0,378.21590000000003,13.0,5674.0,433.0,378.21590000000003,420.7142857142857,13.103926096997691,15.002013400282747,2025,2024
Canterbury Region,Ashburton District,"Canterbury, Chatham Islands",23,23.0,5707.0,23.0,466.0,387.8462,23.0,5707.0,466.0,387.8462,248.1304347826087,12.246781115879829,14.714595630948557,2025,2024
Wellington Region,Masterton District,Wellington,21,21.0,5300.0,20.0,515.0,429.5378,20.0,5278.0,515.0,429.5378,252.38095238095238,10.248543689320389,12.287626374209674,2025,2024
Manawatū-Whanganui Region,Manawatu District,"Taranaki, Whanganui, Manawatū",26,26.0,5166.0,26.0,409.0,347.6984,26.0,5166.0,409.0,347.6984,198.69230769230768,12.63080684596577,14.857704263235034,2025,2024
Manawatū-Whanganui Region,Horowhenua District,Wellington,20,20.0,4875.0,19.0,384.0,335.8378,19.0,4862.0,384.0,335.8378,243.75,12.661458333333334,14.47722680412985,2025,2024
Southland Region,Southland District,"Otago, Southland",40,40.0,4815.0,40.0,447.0,367.83820000000003,40.0,4815.0,447.0,367.83820000000003,120.375,10.771812080536913,13.089994459520517,2025,2024
Waikato Region,South Waikato District,Waikato,21,21.0,4318.0,20.0,371.0,323.76619999999997,20.0,4313.0,371.0,323.76619999999997,205.61904761904762,11.625336927223719,13.321341140613196,2025,2024
Taranaki Region,South Taranaki District,"Taranaki, Whanganui, Manawatū",30,30.0,4184.0,30.0,376.0,313.5559,30.0,4184.0,376.0,313.5559,139.46666666666667,11.127659574468085,13.343713194361834,2025,2024
Waikato Region,Thames-Coromandel District,Waikato,22,22.0,3806.0,22.0,350.0,291.964,22.0,3806.0,350.0,291.964,173.0,10.874285714285714,13.035853735392035,2025,2024
Northland Region,Kaipara District,Tai Tokerau,24,24.0,3619.0,22.0,326.0,270.5946,22.0,3553.0,326.0,270.5946,150.79166666666666,10.89877300613497,13.13034332540265,2025,2024
Waikato Region,Hauraki District,Waikato,22,22.0,3545.0,22.0,355.0,298.5828,22.0,3545.0,355.0,298.5828,161.13636363636363,9.985915492957746,11.872753554457924,2025,2024
Otago Region,Waitaki District,"Otago, Southland",19,19.0,3498.0,19.0,303.0,253.3325,19.0,3498.0,303.0,253.3325,184.10526315789474,11.544554455445544,13.807940157697887,2025,2024
Otago Region,Central Otago District,"Otago, Southland",15,15.0,3310.0,15.0,305.0,247.2493,15.0,3310.0,305.0,247.2493,220.66666666666666,10.852459016393443,13.387297759791434,2025,2024
Waikato Region,Waikato District,Tāmaki Herenga Waka,12,12.0,3294.0,12.0,249.0,219.21359999999999,12.0,3294.0,249.0,219.21359999999999,274.5,13.228915662650602,15.026439965403608,2025,2024
Manawatū-Whanganui Region,Tararua District,Wellington,20,20.0,2712.0,20.0,262.0,215.7968,20.0,2712.0,262.0,215.7968,135.6,10.351145038167939,12.567378200232811,2025,2024
Otago Region,Clutha District,"Otago, Southland",24,24.0,2623.0,24.0,260.0,215.4412,24.0,2623.0,260.0,215.4412,109.29166666666667,10.088461538461539,12.175015735151865,2025,2024
Hawke's Bay Region,Central Hawke's Bay District,"Hawke's Bay, Tairāwhiti",18,18.0,2326.0,18.0,211.0,174.6997,18.0,2326.0,211.0,174.6997,129.22222222222223,11.023696682464456,13.314275868819465,2025,2024
Manawatū-Whanganui Region,Rangitikei District,"Taranaki, Whanganui, Manawatū",22,22.0,2325.0,21.0,211.0,172.496,21.0,2179.0,211.0,172.496,105.68181818181819,10.327014218009479,12.632176978016881,2025,2024
West Coast Region,Grey District,"Nelson, Marlborough, West Coast",14,14.0,2104.0,13.0,195.0,162.4836,13.0,2002.0,195.0,162.4836,150.28571428571428,10.266666666666667,12.321243497805318,2025,2024
Taranaki Region,Stratford District,"Taranaki, Whanganui, Manawatū",12,12.0,1961.0,11.0,164.0,140.66490000000002,11.0,1947.0,164.0,140.66490000000002,163.41666666666666,11.871951219512194,13.841406065052475,2025,2024
Southland Region,Gore District,"Otago, Southland",11,11.0,1944.0,11.0,191.0,155.10219999999998,11.0,1944.0,191.0,155.10219999999998,176.72727272727272,10.178010471204189,12.533671347021514,2025,2024
Wellington Region,South Wairarapa District,Wellington,8,8.0,1828.0,8.0,143.0,118.00019999999999,8.0,1828.0,143.0,118.00019999999999,228.5,12.783216783216783,15.491499166950565,2025,2024
Bay of Plenty Region,Ōpōtiki District,"Bay of Plenty, Waiariki",13,13.0,1621.0,13.0,161.0,133.0934,13.0,1621.0,161.0,133.0934,124.6923076923077,10.06832298136646,12.179416860640723,2025,2024
Auckland Region,Franklin Local Board Area,Tāmaki Herenga Manawa,4,4.0,1617.0,4.0,114.0,93.64659999999999,4.0,1617.0,114.0,93.64659999999999,404.25,14.18421052631579,17.267044398835623,2025,2024
Canterbury Region,Hurunui District,"Canterbury, Chatham Islands",13,13.0,1520.0,13.0,157.0,123.35430000000001,13.0,1520.0,157.0,123.35430000000001,116.92307692307692,9.681528662420382,12.322229545301623,2025,2024
Waikato Region,Waitomo District,Waikato,15,15.0,1497.0,15.0,153.0,129.9844,15.0,1497.0,153.0,129.9844,99.8,9.784313725490197,11.516766627379901,2025,2024
Hawke's Bay Region,Wairoa District,"Hawke's Bay, Tairāwhiti",15,14.0,1447.0,14.0,152.0,124.2396,14.0,1447.0,152.0,124.23960000000001,103.35714285714286,9.519736842105264,11.646850118641721,2025,2024
Waikato Region,Ōtorohanga District,Waikato,12,12.0,1344.0,12.0,125.0,102.0372,12.0,1344.0,125.0,102.0372,112.0,10.752,13.17166680387153,2025,2024
West Coast Region,Buller District,"Nelson, Marlborough, West Coast",9,9.0,1300.0,9.0,134.0,99.91550000000001,9.0,1300.0,134.0,99.91550000000001,144.44444444444446,9.701492537313433,13.010994290175196,2025,2024
Manawatū-Whanganui Region,Ruapehu District,Waikato,15,15.0,1223.0,15.0,144.0,114.1229,15.0,1223.0,144.0,114.1229,81.53333333333333,8.493055555555555,10.71651701805685,2025,2024
West Coast Region,Westland District,"Nelson, Marlborough, West Coast",12,12.0,1133.0,12.0,121.0,97.25899999999999,12.0,1133.0,121.0,97.25899999999999,94.41666666666667,9.363636363636363,11.64930751909849,2025,2024
Bay of Plenty Region,Kawerau District,"Bay of Plenty, Waiariki",5,5.0,1032.0,4.0,91.0,83.65610000000001,4.0,1020.0,91.0,83.65610000000001,206.4,11.208791208791208,12.192774944086562,2025,2024
Auckland Region,Waiheke Local Board Area,Tāmaki Herenga Manawa,4,4.0,931.0,3.0,85.0,65.76140000000001,3.0,916.0,85.0,65.76140000000001,232.75,10.776470588235295,13.92914384426122,2025,2024
Wellington Region,Carterton District,Wellington,6,6.0,924.0,6.0,84.0,66.0335,6.0,924.0,84.0,66.0335,154.0,11.0,13.992897544428207,2025,2024
Canterbury Region,Waimate District,"Canterbury, Chatham Islands",9,9.0,911.0,9.0,85.0,69.9941,9.0,911.0,85.0,69.9941,101.22222222222223,10.717647058823529,13.015382725115401,2025,2024
Manawatū-Whanganui Region,Ruapehu District,"Taranaki, Whanganui, Manawatū",7,7.0,830.0,7.0,86.0,68.2466,7.0,830.0,86.0,68.2466,118.57142857142857,9.651162790697674,12.161778022641421,2025,2024
Auckland Region,Māngere-Ōtāhuhu Local Board Area,Tāmaki Herenga Manawa,3,3.0,789.0,2.0,64.0,51.0833,2.0,783.0,64.0,51.0833,263.0,12.234375,15.327905597328286,2025,2024
Canterbury Region,Mackenzie District,"Canterbury, Chatham Islands",8,8.0,691.0,8.0,71.0,58.6222,8.0,691.0,71.0,58.62220000000001,86.375,9.732394366197184,11.787343361388688,2025,2024
Waikato Region,Rotorua District,"Bay of Plenty, Waiariki",8,8.0,668.0,8.0,67.0,56.8201,8.0,668.0,67.0,56.8201,83.5,9.970149253731343,11.756403103831216,2025,2024
Canterbury Region,Kaikoura District,"Nelson, Marlborough, West Coast",5,5.0,499.0,5.0,54.0,45.055,5.0,499.0,54.0,45.055,99.8,9.24074074074074,11.075352347131284,2025,2024
Auckland Region,Maungakiekie-Tāmaki Local Board Area,Tāmaki Herenga Waka,1,1.0,361.0,1.0,23.0,19.9341,1.0,361.0,23.0,19.9341,361.0,15.695652173913043,18.109671367154775,2025,2024
Bay of Plenty Region,Western Bay of Plenty District,Waikato,1,1.0,266.0,1.0,24.0,18.018700000000003,1.0,266.0,24.0,18.018700000000003,266.0,11.083333333333334,14.762441241599003,2025,2024
Canterbury Region,Waitaki District,"Otago, Southland",3,3.0,245.0,3.0,16.0,14.918,3.0,245.0,16.0,14.918,81.66666666666667,15.3125,16.423113017830808,2025,2024
Manawatū-Whanganui Region,Horowhenua District,"Taranaki, Whanganui, Manawatū",2,2.0,206.0,2.0,18.0,15.4754,2.0,206.0,18.0,15.4754,103.0,11.444444444444445,13.311449138632927,2025,2024
Canterbury Region,Christchurch City,Tāmaki Herenga Tāngata,1,1.0,113.0,1.0,238.0,202.3428,1.0,113.0,238.0,202.3428,113.0,0.47478991596638653,0.5584582204061622,2025,2024
Auckland Region,Aotea/Great Barrier Local Board Area,Tāmaki Herenga Manawa,3,3.0,108.0,3.0,15.0,10.4208,3.0,108.0,15.0,10.4208,36.0,7.2,10.363887609396592,2025,2024
Area Outside Region,Chatham Islands Territory,"Canterbury, Chatham Islands",3,3.0,72.0,3.0,8.0,6.7367,3.0,72.0,8.0,6.7367,24.0,9.0,10.687725444208588,2025,2024
Waikato Region,Hauraki District,Tāmaki Herenga Waka,1,1.0,41.0,1.0,2.0,1.8818,1.0,41.0,2.0,1.8818,41.0,20.5,21.787650122223404,2025,2024
Waikato Region,Taupo District,Waikato,1,1.0,41.0,1.0,4.0,3.616,1.0,41.0,4.0,3.616,41.0,10.25,11.338495575221238,2025,2024
Waikato Region,Waitomo District,"Taranaki, Whanganui, Manawatū",2,2.0,28.0,2.0,6.0,4.5109,2.0,28.0,6.0,4.5109,14.0,4.666666666666667,6.207187035846505,2025,2024
Manawatū-Whanganui Region,Stratford District,"Taranaki, Whanganui, Manawatū",1,1.0,18.0,1.0,2.0,1.4827,1.0,18.0,2.0,1.4827,18.0,9.0,12.140014837795913,2025,2024
Bay of Plenty Region,Taupo District,"Bay of Plenty, Waiariki",1,1.0,15.0,1.0,2.0,1.744,1.0,15.0,2.0,1.744,15.0,7.5,8.600917431192661,2025,2024
Auckland Region,Albert-Eden Local Board Area,Tāmaki Herenga Waka,1,,,,,,,,,,,,,2025,2024
