case,emirate,education_type,gender,nationality,curriculum,students,schools,teachers,ptr,pf_rows,score_rows,nat_rows,avg_score
UNFILTERED,,,,,,559743,754,39597,14.136,0,0,0,
gender=Female,,,Female,,,278570,754,39597,7.0351,0,0,0,
gender=Male,,,Male,,,281173,754,39597,7.1009,0,0,0,
emirate=ABU DHABI,ABU DHABI,,,,,101821,133,8131,12.5226,0,0,0,
emirate=ABU DHABI | gender=Female,ABU DHABI,,Female,,,52866,133,8131,6.5018,0,0,0,
emirate=ABU DHABI | gender=Male,ABU DHABI,,Male,,,48955,133,8131,6.0208,0,0,0,
emirate=AJMAN,AJMAN,,,,,109996,84,6532,16.8396,0,0,0,
emirate=AJMAN | gender=Female,AJMAN,,Female,,,52945,84,6532,8.1055,0,0,0,
emirate=AJMAN | gender=Male,AJMAN,,Male,,,57051,84,6532,8.7341,0,0,0,
emirate=AL AIN,AL AIN,,,,,68061,117,6207,10.9652,0,0,0,
emirate=AL AIN | gender=Female,AL AIN,,Female,,,34642,117,6207,5.5811,0,0,0,
emirate=AL AIN | gender=Male,AL AIN,,Male,,,33419,117,6207,5.3841,0,0,0,
emirate=AL DHAFRA,AL DHAFRA,,,,,11843,28,1141,10.3795,0,0,0,
emirate=AL DHAFRA | gender=Female,AL DHAFRA,,Female,,,5931,28,1141,5.1981,0,0,0,
emirate=AL DHAFRA | gender=Male,AL DHAFRA,,Male,,,5912,28,1141,5.1814,0,0,0,
emirate=AL FUJAIRAH,AL FUJAIRAH,,,,,49205,65,2783,17.6806,0,0,0,
emirate=AL FUJAIRAH | gender=Female,AL FUJAIRAH,,Female,,,23672,65,2783,8.5059,0,0,0,
emirate=AL FUJAIRAH | gender=Male,AL FUJAIRAH,,Male,,,25533,65,2783,9.1746,0,0,0,
emirate=DUBAI,DUBAI,,,,,45817,67,3174,14.4351,0,0,0,
emirate=DUBAI | gender=Female,DUBAI,,Female,,,22805,67,3174,7.1849,0,0,0,
emirate=DUBAI | gender=Male,DUBAI,,Male,,,23012,67,3174,7.2502,0,0,0,
emirate=Ras Al Khaimah,Ras Al Khaimah,,,,,72137,105,4623,15.6039,0,0,0,
emirate=Ras Al Khaimah | gender=Female,Ras Al Khaimah,,Female,,,34786,105,4623,7.5246,0,0,0,
emirate=Ras Al Khaimah | gender=Male,Ras Al Khaimah,,Male,,,37351,105,4623,8.0794,0,0,0,
emirate=SHARJAH,SHARJAH,,,,,66250,91,4643,14.2688,0,0,0,
emirate=SHARJAH | gender=Female,SHARJAH,,Female,,,33375,91,4643,7.1882,0,0,0,
emirate=SHARJAH | gender=Male,SHARJAH,,Male,,,32875,91,4643,7.0806,0,0,0,
emirate=Sharjah / Eastern,Sharjah / Eastern,,,,,18303,38,1184,15.4586,0,0,0,
emirate=Sharjah / Eastern | gender=Female,Sharjah / Eastern,,Female,,,9275,38,1184,7.8336,0,0,0,
emirate=Sharjah / Eastern | gender=Male,Sharjah / Eastern,,Male,,,9028,38,1184,7.625,0,0,0,
emirate=Umm Al Quwain,Umm Al Quwain,,,,,16310,26,1179,13.8338,0,0,0,
emirate=Umm Al Quwain | gender=Female,Umm Al Quwain,,Female,,,8273,26,1179,7.017,0,0,0,
emirate=Umm Al Quwain | gender=Male,Umm Al Quwain,,Male,,,8037,26,1179,6.8168,0,0,0,
education_type=Applied Technology High School (ATHS),,Applied Technology High School (ATHS),,,,14136,20,1148,12.3136,0,0,0,
education_type=Applied Technology High School (ATHS) | gender=Female,,Applied Technology High School (ATHS),Female,,,6656,20,1148,5.7979,0,0,0,
education_type=Applied Technology High School (ATHS) | gender=Male,,Applied Technology High School (ATHS),Male,,,7480,20,1148,6.5157,0,0,0,
education_type=Continuous Education,,Continuous Education,,,,16714,15,76,219.9211,0,0,0,
education_type=Continuous Education | gender=Female,,Continuous Education,Female,,,6724,15,76,88.4737,0,0,0,
education_type=Continuous Education | gender=Male,,Continuous Education,Male,,,9990,15,76,131.4474,0,0,0,
education_type=Private Schools MOE Curriculum,,Private Schools MOE Curriculum,,,,135980,126,10634,12.7873,0,0,0,
education_type=Private Schools MOE Curriculum | gender=Female,,Private Schools MOE Curriculum,Female,,,66258,126,10634,6.2308,0,0,0,
education_type=Private Schools MOE Curriculum | gender=Male,,Private Schools MOE Curriculum,Male,,,69722,126,10634,6.5565,0,0,0,
education_type=Private Schools Non MOE Curriculum in the four northern emirates,,Private Schools Non MOE Curriculum in the four northern emirates,,,,115943,72,6282,18.4564,0,0,0,
education_type=Private Schools Non MOE Curriculum in the four northern emirates | gender=Female,,Private Schools Non MOE Curriculum in the four northern emirates,Female,,,55174,72,6282,8.7829,0,0,0,
education_type=Private Schools Non MOE Curriculum in the four northern emirates | gender=Male,,Private Schools Non MOE Curriculum in the four northern emirates,Male,,,60769,72,6282,9.6735,0,0,0,
education_type=Public,,Public,,,,265962,503,20646,12.882,0,0,0,
education_type=Public | gender=Female,,Public,Female,,,138225,503,20646,6.695,0,0,0,
education_type=Public | gender=Male,,Public,Male,,,127737,503,20646,6.187,0,0,0,
education_type=Public Ajyal,,Public Ajyal,,,,11008,18,811,13.5734,0,0,0,
education_type=Public Ajyal | gender=Female,,Public Ajyal,Female,,,5533,18,811,6.8224,0,0,0,
education_type=Public Ajyal | gender=Male,,Public Ajyal,Male,,,5475,18,811,6.7509,0,0,0,
curriculum=American,,,,,American,247648,14,15117,16.3821,0,0,0,
gender=Female | curriculum=American,,,Female,,American,119676,14,15117,7.9167,0,0,0,
gender=Male | curriculum=American,,,Male,,American,127972,14,15117,8.4654,0,0,0,
curriculum=ATHS,,,,,ATHS,461536,20,31065,14.8571,0,0,0,
gender=Female | curriculum=ATHS,,,Female,,ATHS,228722,20,31065,7.3627,0,0,0,
gender=Male | curriculum=ATHS,,,Male,,ATHS,232814,20,31065,7.4944,0,0,0,
curriculum=Bangladeshi,,,,,Bangladeshi,72137,1,4623,15.6039,0,0,0,
gender=Female | curriculum=Bangladeshi,,,Female,,Bangladeshi,34786,1,4623,7.5246,0,0,0,
gender=Male | curriculum=Bangladeshi,,,Male,,Bangladeshi,37351,1,4623,8.0794,0,0,0,
curriculum=G.C.S.E,,,,,G.C.S.E,231338,20,13938,16.5976,0,0,0,
gender=Female | curriculum=G.C.S.E,,,Female,,G.C.S.E,111403,20,13938,7.9928,0,0,0,
gender=Male | curriculum=G.C.S.E,,,Male,,G.C.S.E,119935,20,13938,8.6049,0,0,0,
curriculum=I.B.,,,,,I.B.,182133,2,11155,16.3275,0,0,0,
gender=Female | curriculum=I.B.,,,Female,,I.B.,87731,2,11155,7.8647,0,0,0,
gender=Male | curriculum=I.B.,,,Male,,I.B.,94402,2,11155,8.4628,0,0,0,
curriculum=Indian,,,,,Indian,247648,28,15117,16.3821,0,0,0,
gender=Female | curriculum=Indian,,,Female,,Indian,119676,28,15117,7.9167,0,0,0,
gender=Male | curriculum=Indian,,,Male,,Indian,127972,28,15117,8.4654,0,0,0,
curriculum=Ministry of Education Curriculum,,,,,Ministry of Education Curriculum,559743,536,39597,14.136,0,0,0,
gender=Female | curriculum=Ministry of Education Curriculum,,,Female,,Ministry of Education Curriculum,278570,536,39597,7.0351,0,0,0,
gender=Male | curriculum=Ministry of Education Curriculum,,,Male,,Ministry of Education Curriculum,281173,536,39597,7.1009,0,0,0,
curriculum=Pakistani,,,,,Pakistani,231338,4,13938,16.5976,0,0,0,
gender=Female | curriculum=Pakistani,,,Female,,Pakistani,111403,4,13938,7.9928,0,0,0,
gender=Male | curriculum=Pakistani,,,Male,,Pakistani,119935,4,13938,8.6049,0,0,0,
curriculum=Special,,,,,Special,198443,3,12334,16.0891,0,0,0,
gender=Female | curriculum=Special,,,Female,,Special,96004,3,12334,7.7837,0,0,0,
gender=Male | curriculum=Special,,,Male,,Special,102439,3,12334,8.3054,0,0,0,
curriculum=U.A.E,,,,,U.A.E,541440,124,38413,14.0952,0,0,0,
gender=Female | curriculum=U.A.E,,,Female,,U.A.E,269295,124,38413,7.0105,0,0,0,
gender=Male | curriculum=U.A.E,,,Male,,U.A.E,272145,124,38413,7.0847,0,0,0,
curriculum=U.A.E;Charter Schools-ADEK,,,,,U.A.E;Charter Schools-ADEK,11843,1,1141,10.3795,0,0,0,
gender=Female | curriculum=U.A.E;Charter Schools-ADEK,,,Female,,U.A.E;Charter Schools-ADEK,5931,1,1141,5.1981,0,0,0,
gender=Male | curriculum=U.A.E;Charter Schools-ADEK,,,Male,,U.A.E;Charter Schools-ADEK,5912,1,1141,5.1814,0,0,0,
curriculum=U.A.E;G.C.S.E,,,,,U.A.E;G.C.S.E,101821,1,8131,12.5226,0,0,0,
gender=Female | curriculum=U.A.E;G.C.S.E,,,Female,,U.A.E;G.C.S.E,52866,1,8131,6.5018,0,0,0,
gender=Male | curriculum=U.A.E;G.C.S.E,,,Male,,U.A.E;G.C.S.E,48955,1,8131,6.0208,0,0,0,
nationality=Emirati,,,,Emirati,,282654,754,39597,7.1383,0,0,0,
gender=Female | nationality=Emirati,,,Female,Emirati,,143202,754,39597,3.6165,0,0,0,
gender=Male | nationality=Emirati,,,Male,Emirati,,139452,754,39597,3.5218,0,0,0,
nationality=Resident,,,,Resident,,277089,754,39597,6.9977,0,0,0,
gender=Female | nationality=Resident,,,Female,Resident,,135368,754,39597,3.4186,0,0,0,
gender=Male | nationality=Resident,,,Male,Resident,,141721,754,39597,3.5791,0,0,0,
emirate=ABU DHABI | education_type=Applied Technology High School (ATHS) | curriculum=ATHS,ABU DHABI,Applied Technology High School (ATHS),,,ATHS,9874,12,733,13.4707,0,0,0,
emirate=ABU DHABI | education_type=Applied Technology High School (ATHS) | gender=Female | curriculum=ATHS,ABU DHABI,Applied Technology High School (ATHS),Female,,ATHS,5358,12,733,7.3097,0,0,0,
emirate=ABU DHABI | education_type=Applied Technology High School (ATHS) | gender=Male | curriculum=ATHS,ABU DHABI,Applied Technology High School (ATHS),Male,,ATHS,4516,12,733,6.161,0,0,0,
emirate=ABU DHABI | education_type=Continuous Education | curriculum=Ministry of Education Curriculum,ABU DHABI,Continuous Education,,,Ministry of Education Curriculum,4723,7,76,62.1447,0,0,0,
emirate=ABU DHABI | education_type=Continuous Education | gender=Female | curriculum=Ministry of Education Curriculum,ABU DHABI,Continuous Education,Female,,Ministry of Education Curriculum,2908,7,76,38.2632,0,0,0,
emirate=ABU DHABI | education_type=Continuous Education | gender=Male | curriculum=Ministry of Education Curriculum,ABU DHABI,Continuous Education,Male,,Ministry of Education Curriculum,1815,7,76,23.8816,0,0,0,
emirate=ABU DHABI | education_type=Private Schools MOE Curriculum | curriculum=U.A.E,ABU DHABI,Private Schools MOE Curriculum,,,U.A.E,32632,23,2425,13.4565,0,0,0,
emirate=ABU DHABI | education_type=Private Schools MOE Curriculum | gender=Female | curriculum=U.A.E,ABU DHABI,Private Schools MOE Curriculum,Female,,U.A.E,16264,23,2425,6.7068,0,0,0,
emirate=ABU DHABI | education_type=Private Schools MOE Curriculum | gender=Male | curriculum=U.A.E,ABU DHABI,Private Schools MOE Curriculum,Male,,U.A.E,16368,23,2425,6.7497,0,0,0,
emirate=ABU DHABI | education_type=Private Schools MOE Curriculum | curriculum=U.A.E;G.C.S.E,ABU DHABI,Private Schools MOE Curriculum,,,U.A.E;G.C.S.E,32632,1,2425,13.4565,0,0,0,
emirate=ABU DHABI | education_type=Private Schools MOE Curriculum | gender=Female | curriculum=U.A.E;G.C.S.E,ABU DHABI,Private Schools MOE Curriculum,Female,,U.A.E;G.C.S.E,16264,1,2425,6.7068,0,0,0,
emirate=ABU DHABI | education_type=Private Schools MOE Curriculum | gender=Male | curriculum=U.A.E;G.C.S.E,ABU DHABI,Private Schools MOE Curriculum,Male,,U.A.E;G.C.S.E,16368,1,2425,6.7497,0,0,0,
emirate=ABU DHABI | education_type=Public | curriculum=Ministry of Education Curriculum,ABU DHABI,Public,,,Ministry of Education Curriculum,54592,90,4897,11.148,0,0,0,
emirate=ABU DHABI | education_type=Public | gender=Female | curriculum=Ministry of Education Curriculum,ABU DHABI,Public,Female,,Ministry of Education Curriculum,28336,90,4897,5.7864,0,0,0,
emirate=ABU DHABI | education_type=Public | gender=Male | curriculum=Ministry of Education Curriculum,ABU DHABI,Public,Male,,Ministry of Education Curriculum,26256,90,4897,5.3616,0,0,0,
emirate=AJMAN | education_type=Applied Technology High School (ATHS) | curriculum=ATHS,AJMAN,Applied Technology High School (ATHS),,,ATHS,1289,2,115,11.2087,0,0,0,
emirate=AJMAN | education_type=Applied Technology High School (ATHS) | gender=Female | curriculum=ATHS,AJMAN,Applied Technology High School (ATHS),Female,,ATHS,828,2,115,7.2,0,0,0,
emirate=AJMAN | education_type=Applied Technology High School (ATHS) | gender=Male | curriculum=ATHS,AJMAN,Applied Technology High School (ATHS),Male,,ATHS,461,2,115,4.0087,0,0,0,
emirate=AJMAN | education_type=Continuous Education | curriculum=Ministry of Education Curriculum,AJMAN,Continuous Education,,,Ministry of Education Curriculum,1382,1,0,,0,0,0,
emirate=AJMAN | education_type=Continuous Education | gender=Female | curriculum=Ministry of Education Curriculum,AJMAN,Continuous Education,Female,,Ministry of Education Curriculum,561,1,0,,0,0,0,
emirate=AJMAN | education_type=Continuous Education | gender=Male | curriculum=Ministry of Education Curriculum,AJMAN,Continuous Education,Male,,Ministry of Education Curriculum,821,1,0,,0,0,0,
emirate=AJMAN | education_type=Private Schools MOE Curriculum | curriculum=U.A.E,AJMAN,Private Schools MOE Curriculum,,,U.A.E,22461,14,1533,14.6517,0,0,0,
emirate=AJMAN | education_type=Private Schools MOE Curriculum | gender=Female | curriculum=U.A.E,AJMAN,Private Schools MOE Curriculum,Female,,U.A.E,10630,14,1533,6.9341,0,0,0,
emirate=AJMAN | education_type=Private Schools MOE Curriculum | gender=Male | curriculum=U.A.E,AJMAN,Private Schools MOE Curriculum,Male,,U.A.E,11831,14,1533,7.7175,0,0,0,
emirate=AJMAN | education_type=Private Schools Non MOE Curriculum in the four northern emirates | curriculum=American,AJMAN,Private Schools Non MOE Curriculum in the four northern emirates,,,American,66855,6,3690,18.1179,0,0,0,
emirate=AJMAN | education_type=Private Schools Non MOE Curriculum in the four northern emirates | gender=Female | curriculum=American,AJMAN,Private Schools Non MOE Curriculum in the four northern emirates,Female,,American,31640,6,3690,8.5745,0,0,0,
emirate=AJMAN | education_type=Private Schools Non MOE Curriculum in the four northern emirates | gender=Male | curriculum=American,AJMAN,Private Schools Non MOE Curriculum in the four northern emirates,Male,,American,35215,6,3690,9.5434,0,0,0,
emirate=AJMAN | education_type=Private Schools Non MOE Curriculum in the four northern emirates | curriculum=G.C.S.E,AJMAN,Private Schools Non MOE Curriculum in the four northern emirates,,,G.C.S.E,66855,10,3690,18.1179,0,0,0,
emirate=AJMAN | education_type=Private Schools Non MOE Curriculum in the four northern emirates | gender=Female | curriculum=G.C.S.E,AJMAN,Private Schools Non MOE Curriculum in the four northern emirates,Female,,G.C.S.E,31640,10,3690,8.5745,0,0,0,
emirate=AJMAN | education_type=Private Schools Non MOE Curriculum in the four northern emirates | gender=Male | curriculum=G.C.S.E,AJMAN,Private Schools Non MOE Curriculum in the four northern emirates,Male,,G.C.S.E,35215,10,3690,9.5434,0,0,0,
emirate=AJMAN | education_type=Private Schools Non MOE Curriculum in the four northern emirates | curriculum=I.B.,AJMAN,Private Schools Non MOE Curriculum in the four northern emirates,,,I.B.,66855,1,3690,18.1179,0,0,0,
emirate=AJMAN | education_type=Private Schools Non MOE Curriculum in the four northern emirates | gender=Female | curriculum=I.B.,AJMAN,Private Schools Non MOE Curriculum in the four northern emirates,Female,,I.B.,31640,1,3690,8.5745,0,0,0,
emirate=AJMAN | education_type=Private Schools Non MOE Curriculum in the four northern emirates | gender=Male | curriculum=I.B.,AJMAN,Private Schools Non MOE Curriculum in the four northern emirates,Male,,I.B.,35215,1,3690,9.5434,0,0,0,
emirate=AJMAN | education_type=Private Schools Non MOE Curriculum in the four northern emirates | curriculum=Indian,AJMAN,Private Schools Non MOE Curriculum in the four northern emirates,,,Indian,66855,13,3690,18.1179,0,0,0,
emirate=AJMAN | education_type=Private Schools Non MOE Curriculum in the four northern emirates | gender=Female | curriculum=Indian,AJMAN,Private Schools Non MOE Curriculum in the four northern emirates,Female,,Indian,31640,13,3690,8.5745,0,0,0,
emirate=AJMAN | education_type=Private Schools Non MOE Curriculum in the four northern emirates | gender=Male | curriculum=Indian,AJMAN,Private Schools Non MOE Curriculum in the four northern emirates,Male,,Indian,35215,13,3690,9.5434,0,0,0,
emirate=AJMAN | education_type=Private Schools Non MOE Curriculum in the four northern emirates | curriculum=Pakistani,AJMAN,Private Schools Non MOE Curriculum in the four northern emirates,,,Pakistani,66855,2,3690,18.1179,0,0,0,
emirate=AJMAN | education_type=Private Schools Non MOE Curriculum in the four northern emirates | gender=Female | curriculum=Pakistani,AJMAN,Private Schools Non MOE Curriculum in the four northern emirates,Female,,Pakistani,31640,2,3690,8.5745,0,0,0,
emirate=AJMAN | education_type=Private Schools Non MOE Curriculum in the four northern emirates | gender=Male | curriculum=Pakistani,AJMAN,Private Schools Non MOE Curriculum in the four northern emirates,Male,,Pakistani,35215,2,3690,9.5434,0,0,0,
emirate=AJMAN | education_type=Private Schools Non MOE Curriculum in the four northern emirates | curriculum=Special,AJMAN,Private Schools Non MOE Curriculum in the four northern emirates,,,Special,66855,1,3690,18.1179,0,0,0,
emirate=AJMAN | education_type=Private Schools Non MOE Curriculum in the four northern emirates | gender=Female | curriculum=Special,AJMAN,Private Schools Non MOE Curriculum in the four northern emirates,Female,,Special,31640,1,3690,8.5745,0,0,0,
emirate=AJMAN | education_type=Private Schools Non MOE Curriculum in the four northern emirates | gender=Male | curriculum=Special,AJMAN,Private Schools Non MOE Curriculum in the four northern emirates,Male,,Special,35215,1,3690,9.5434,0,0,0,
emirate=AJMAN | education_type=Public | curriculum=Ministry of Education Curriculum,AJMAN,Public,,,Ministry of Education Curriculum,16292,31,1059,15.3843,0,0,0,
emirate=AJMAN | education_type=Public | gender=Female | curriculum=Ministry of Education Curriculum,AJMAN,Public,Female,,Ministry of Education Curriculum,8411,31,1059,7.9424,0,0,0,
emirate=AJMAN | education_type=Public | gender=Male | curriculum=Ministry of Education Curriculum,AJMAN,Public,Male,,Ministry of Education Curriculum,7881,31,1059,7.4419,0,0,0,
emirate=AJMAN | education_type=Public Ajyal | curriculum=Ministry of Education Curriculum,AJMAN,Public Ajyal,,,Ministry of Education Curriculum,1717,3,135,12.7185,0,0,0,
emirate=AJMAN | education_type=Public Ajyal | gender=Female | curriculum=Ministry of Education Curriculum,AJMAN,Public Ajyal,Female,,Ministry of Education Curriculum,875,3,135,6.4815,0,0,0,
emirate=AJMAN | education_type=Public Ajyal | gender=Male | curriculum=Ministry of Education Curriculum,AJMAN,Public Ajyal,Male,,Ministry of Education Curriculum,842,3,135,6.237,0,0,0,
emirate=AL AIN | education_type=Continuous Education | curriculum=Ministry of Education Curriculum,AL AIN,Continuous Education,,,Ministry of Education Curriculum,2950,1,0,,0,0,0,
emirate=AL AIN | education_type=Continuous Education | gender=Female | curriculum=Ministry of Education Curriculum,AL AIN,Continuous Education,Female,,Ministry of Education Curriculum,1082,1,0,,0,0,0,
emirate=AL AIN | education_type=Continuous Education | gender=Male | curriculum=Ministry of Education Curriculum,AL AIN,Continuous Education,Male,,Ministry of Education Curriculum,1868,1,0,,0,0,0,
emirate=AL AIN | education_type=Private Schools MOE Curriculum | curriculum=U.A.E,AL AIN,Private Schools MOE Curriculum,,,U.A.E,15151,20,1444,10.4924,0,0,0,
emirate=AL AIN | education_type=Private Schools MOE Curriculum | gender=Female | curriculum=U.A.E,AL AIN,Private Schools MOE Curriculum,Female,,U.A.E,7096,20,1444,4.9141,0,0,0,
emirate=AL AIN | education_type=Private Schools MOE Curriculum | gender=Male | curriculum=U.A.E,AL AIN,Private Schools MOE Curriculum,Male,,U.A.E,8055,20,1444,5.5783,0,0,0,
emirate=AL AIN | education_type=Public | curriculum=Ministry of Education Curriculum,AL AIN,Public,,,Ministry of Education Curriculum,49960,96,4763,10.4892,0,0,0,
emirate=AL AIN | education_type=Public | gender=Female | curriculum=Ministry of Education Curriculum,AL AIN,Public,Female,,Ministry of Education Curriculum,26464,96,4763,5.5562,0,0,0,
emirate=AL AIN | education_type=Public | gender=Male | curriculum=Ministry of Education Curriculum,AL AIN,Public,Male,,Ministry of Education Curriculum,23496,96,4763,4.933,0,0,0,
emirate=AL DHAFRA | education_type=Continuous Education | curriculum=Ministry of Education Curriculum,AL DHAFRA,Continuous Education,,,Ministry of Education Curriculum,343,1,0,,0,0,0,
emirate=AL DHAFRA | education_type=Continuous Education | gender=Female | curriculum=Ministry of Education Curriculum,AL DHAFRA,Continuous Education,Female,,Ministry of Education Curriculum,127,1,0,,0,0,0,
emirate=AL DHAFRA | education_type=Continuous Education | gender=Male | curriculum=Ministry of Education Curriculum,AL DHAFRA,Continuous Education,Male,,Ministry of Education Curriculum,216,1,0,,0,0,0,
emirate=AL DHAFRA | education_type=Private Schools MOE Curriculum | curriculum=U.A.E,AL DHAFRA,Private Schools MOE Curriculum,,,U.A.E,1481,2,137,10.8102,0,0,0,
emirate=AL DHAFRA | education_type=Private Schools MOE Curriculum | gender=Female | curriculum=U.A.E,AL DHAFRA,Private Schools MOE Curriculum,Female,,U.A.E,648,2,137,4.7299,0,0,0,
emirate=AL DHAFRA | education_type=Private Schools MOE Curriculum | gender=Male | curriculum=U.A.E,AL DHAFRA,Private Schools MOE Curriculum,Male,,U.A.E,833,2,137,6.0803,0,0,0,
emirate=AL DHAFRA | education_type=Private Schools MOE Curriculum | curriculum=U.A.E;Charter Schools-ADEK,AL DHAFRA,Private Schools MOE Curriculum,,,U.A.E;Charter Schools-ADEK,1481,1,137,10.8102,0,0,0,
emirate=AL DHAFRA | education_type=Private Schools MOE Curriculum | gender=Female | curriculum=U.A.E;Charter Schools-ADEK,AL DHAFRA,Private Schools MOE Curriculum,Female,,U.A.E;Charter Schools-ADEK,648,1,137,4.7299,0,0,0,
emirate=AL DHAFRA | education_type=Private Schools MOE Curriculum | gender=Male | curriculum=U.A.E;Charter Schools-ADEK,AL DHAFRA,Private Schools MOE Curriculum,Male,,U.A.E;Charter Schools-ADEK,833,1,137,6.0803,0,0,0,
emirate=AL DHAFRA | education_type=Public | curriculum=Ministry of Education Curriculum,AL DHAFRA,Public,,,Ministry of Education Curriculum,10019,24,1004,9.9791,0,0,0,
emirate=AL DHAFRA | education_type=Public | gender=Female | curriculum=Ministry of Education Curriculum,AL DHAFRA,Public,Female,,Ministry of Education Curriculum,5156,24,1004,5.1355,0,0,0,
emirate=AL DHAFRA | education_type=Public | gender=Male | curriculum=Ministry of Education Curriculum,AL DHAFRA,Public,Male,,Ministry of Education Curriculum,4863,24,1004,4.8436,0,0,0,
emirate=AL FUJAIRAH | education_type=Applied Technology High School (ATHS) | curriculum=ATHS,AL FUJAIRAH,Applied Technology High School (ATHS),,,ATHS,675,1,51,13.2353,0,0,0,
emirate=AL FUJAIRAH | education_type=Applied Technology High School (ATHS) | gender=Female | curriculum=ATHS,AL FUJAIRAH,Applied Technology High School (ATHS),Female,,ATHS,0,1,51,0.0,0,0,0,
emirate=AL FUJAIRAH | education_type=Applied Technology High School (ATHS) | gender=Male | curriculum=ATHS,AL FUJAIRAH,Applied Technology High School (ATHS),Male,,ATHS,675,1,51,13.2353,0,0,0,
emirate=AL FUJAIRAH | education_type=Continuous Education | curriculum=Ministry of Education Curriculum,AL FUJAIRAH,Continuous Education,,,Ministry of Education Curriculum,2103,1,0,,0,0,0,
emirate=AL FUJAIRAH | education_type=Continuous Education | gender=Female | curriculum=Ministry of Education Curriculum,AL FUJAIRAH,Continuous Education,Female,,Ministry of Education Curriculum,261,1,0,,0,0,0,
emirate=AL FUJAIRAH | education_type=Continuous Education | gender=Male | curriculum=Ministry of Education Curriculum,AL FUJAIRAH,Continuous Education,Male,,Ministry of Education Curriculum,1842,1,0,,0,0,0,
emirate=AL FUJAIRAH | education_type=Private Schools MOE Curriculum | curriculum=U.A.E,AL FUJAIRAH,Private Schools MOE Curriculum,,,U.A.E,2599,3,237,10.9662,0,0,0,
emirate=AL FUJAIRAH | education_type=Private Schools MOE Curriculum | gender=Female | curriculum=U.A.E,AL FUJAIRAH,Private Schools MOE Curriculum,Female,,U.A.E,1261,3,237,5.3207,0,0,0,
emirate=AL FUJAIRAH | education_type=Private Schools MOE Curriculum | gender=Male | curriculum=U.A.E,AL FUJAIRAH,Private Schools MOE Curriculum,Male,,U.A.E,1338,3,237,5.6456,0,0,0,
emirate=AL FUJAIRAH | education_type=Private Schools Non MOE Curriculum in the four northern emirates | curriculum=American,AL FUJAIRAH,Private Schools Non MOE Curriculum in the four northern emirates,,,American,16348,3,782,20.9054,0,0,0,
emirate=AL FUJAIRAH | education_type=Private Schools Non MOE Curriculum in the four northern emirates | gender=Female | curriculum=American,AL FUJAIRAH,Private Schools Non MOE Curriculum in the four northern emirates,Female,,American,7775,3,782,9.9425,0,0,0,
emirate=AL FUJAIRAH | education_type=Private Schools Non MOE Curriculum in the four northern emirates | gender=Male | curriculum=American,AL FUJAIRAH,Private Schools Non MOE Curriculum in the four northern emirates,Male,,American,8573,3,782,10.9629,0,0,0,
emirate=AL FUJAIRAH | education_type=Private Schools Non MOE Curriculum in the four northern emirates | curriculum=G.C.S.E,AL FUJAIRAH,Private Schools Non MOE Curriculum in the four northern emirates,,,G.C.S.E,16348,4,782,20.9054,0,0,0,
emirate=AL FUJAIRAH | education_type=Private Schools Non MOE Curriculum in the four northern emirates | gender=Female | curriculum=G.C.S.E,AL FUJAIRAH,Private Schools Non MOE Curriculum in the four northern emirates,Female,,G.C.S.E,7775,4,782,9.9425,0,0,0,
emirate=AL FUJAIRAH | education_type=Private Schools Non MOE Curriculum in the four northern emirates | gender=Male | curriculum=G.C.S.E,AL FUJAIRAH,Private Schools Non MOE Curriculum in the four northern emirates,Male,,G.C.S.E,8573,4,782,10.9629,0,0,0,
emirate=AL FUJAIRAH | education_type=Private Schools Non MOE Curriculum in the four northern emirates | curriculum=Indian,AL FUJAIRAH,Private Schools Non MOE Curriculum in the four northern emirates,,,Indian,16348,5,782,20.9054,0,0,0,
emirate=AL FUJAIRAH | education_type=Private Schools Non MOE Curriculum in the four northern emirates | gender=Female | curriculum=Indian,AL FUJAIRAH,Private Schools Non MOE Curriculum in the four northern emirates,Female,,Indian,7775,5,782,9.9425,0,0,0,
emirate=AL FUJAIRAH | education_type=Private Schools Non MOE Curriculum in the four northern emirates | gender=Male | curriculum=Indian,AL FUJAIRAH,Private Schools Non MOE Curriculum in the four northern emirates,Male,,Indian,8573,5,782,10.9629,0,0,0,
emirate=AL FUJAIRAH | education_type=Private Schools Non MOE Curriculum in the four northern emirates | curriculum=Pakistani,AL FUJAIRAH,Private Schools Non MOE Curriculum in the four northern emirates,,,Pakistani,16348,1,782,20.9054,0,0,0,
emirate=AL FUJAIRAH | education_type=Private Schools Non MOE Curriculum in the four northern emirates | gender=Female | curriculum=Pakistani,AL FUJAIRAH,Private Schools Non MOE Curriculum in the four northern emirates,Female,,Pakistani,7775,1,782,9.9425,0,0,0,
emirate=AL FUJAIRAH | education_type=Private Schools Non MOE Curriculum in the four northern emirates | gender=Male | curriculum=Pakistani,AL FUJAIRAH,Private Schools Non MOE Curriculum in the four northern emirates,Male,,Pakistani,8573,1,782,10.9629,0,0,0,
emirate=AL FUJAIRAH | education_type=Public | curriculum=Ministry of Education Curriculum,AL FUJAIRAH,Public,,,Ministry of Education Curriculum,26109,45,1624,16.077,0,0,0,
emirate=AL FUJAIRAH | education_type=Public | gender=Female | curriculum=Ministry of Education Curriculum,AL FUJAIRAH,Public,Female,,Ministry of Education Curriculum,13668,45,1624,8.4163,0,0,0,
emirate=AL FUJAIRAH | education_type=Public | gender=Male | curriculum=Ministry of Education Curriculum,AL FUJAIRAH,Public,Male,,Ministry of Education Curriculum,12441,45,1624,7.6607,0,0,0,
emirate=AL FUJAIRAH | education_type=Public Ajyal | curriculum=Ministry of Education Curriculum,AL FUJAIRAH,Public Ajyal,,,Ministry of Education Curriculum,1371,2,89,15.4045,0,0,0,
emirate=AL FUJAIRAH | education_type=Public Ajyal | gender=Female | curriculum=Ministry of Education Curriculum,AL FUJAIRAH,Public Ajyal,Female,,Ministry of Education Curriculum,707,2,89,7.9438,0,0,0,
emirate=AL FUJAIRAH | education_type=Public Ajyal | gender=Male | curriculum=Ministry of Education Curriculum,AL FUJAIRAH,Public Ajyal,Male,,Ministry of Education Curriculum,664,2,89,7.4607,0,0,0,
emirate=DUBAI | education_type=Applied Technology High School (ATHS) | curriculum=ATHS,DUBAI,Applied Technology High School (ATHS),,,ATHS,440,1,56,7.8571,0,0,0,
emirate=DUBAI | education_type=Applied Technology High School (ATHS) | gender=Female | curriculum=ATHS,DUBAI,Applied Technology High School (ATHS),Female,,ATHS,0,1,56,0.0,0,0,0,
emirate=DUBAI | education_type=Applied Technology High School (ATHS) | gender=Male | curriculum=ATHS,DUBAI,Applied Technology High School (ATHS),Male,,ATHS,440,1,56,7.8571,0,0,0,
emirate=DUBAI | education_type=Continuous Education | curriculum=Ministry of Education Curriculum,DUBAI,Continuous Education,,,Ministry of Education Curriculum,1783,1,0,,0,0,0,
emirate=DUBAI | education_type=Continuous Education | gender=Female | curriculum=Ministry of Education Curriculum,DUBAI,Continuous Education,Female,,Ministry of Education Curriculum,602,1,0,,0,0,0,
emirate=DUBAI | education_type=Continuous Education | gender=Male | curriculum=Ministry of Education Curriculum,DUBAI,Continuous Education,Male,,Ministry of Education Curriculum,1181,1,0,,0,0,0,
emirate=DUBAI | education_type=Private Schools MOE Curriculum | curriculum=U.A.E,DUBAI,Private Schools MOE Curriculum,,,U.A.E,13538,13,1152,11.7517,0,0,0,
emirate=DUBAI | education_type=Private Schools MOE Curriculum | gender=Female | curriculum=U.A.E,DUBAI,Private Schools MOE Curriculum,Female,,U.A.E,6476,13,1152,5.6215,0,0,0,
emirate=DUBAI | education_type=Private Schools MOE Curriculum | gender=Male | curriculum=U.A.E,DUBAI,Private Schools MOE Curriculum,Male,,U.A.E,7062,13,1152,6.1302,0,0,0,
emirate=DUBAI | education_type=Public | curriculum=Ministry of Education Curriculum,DUBAI,Public,,,Ministry of Education Curriculum,27875,48,1793,15.5466,0,0,0,
emirate=DUBAI | education_type=Public | gender=Female | curriculum=Ministry of Education Curriculum,DUBAI,Public,Female,,Ministry of Education Curriculum,14659,48,1793,8.1757,0,0,0,
emirate=DUBAI | education_type=Public | gender=Male | curriculum=Ministry of Education Curriculum,DUBAI,Public,Male,,Ministry of Education Curriculum,13216,48,1793,7.3709,0,0,0,
emirate=DUBAI | education_type=Public Ajyal | curriculum=Ministry of Education Curriculum,DUBAI,Public Ajyal,,,Ministry of Education Curriculum,2181,4,173,12.6069,0,0,0,
emirate=DUBAI | education_type=Public Ajyal | gender=Female | curriculum=Ministry of Education Curriculum,DUBAI,Public Ajyal,Female,,Ministry of Education Curriculum,1068,4,173,6.1734,0,0,0,
emirate=DUBAI | education_type=Public Ajyal | gender=Male | curriculum=Ministry of Education Curriculum,DUBAI,Public Ajyal,Male,,Ministry of Education Curriculum,1113,4,173,6.4335,0,0,0,
emirate=Ras Al Khaimah | education_type=Applied Technology High School (ATHS) | curriculum=ATHS,Ras Al Khaimah,Applied Technology High School (ATHS),,,ATHS,712,1,67,10.6269,0,0,0,
emirate=Ras Al Khaimah | education_type=Applied Technology High School (ATHS) | gender=Female | curriculum=ATHS,Ras Al Khaimah,Applied Technology High School (ATHS),Female,,ATHS,0,1,67,0.0,0,0,0,
emirate=Ras Al Khaimah | education_type=Applied Technology High School (ATHS) | gender=Male | curriculum=ATHS,Ras Al Khaimah,Applied Technology High School (ATHS),Male,,ATHS,712,1,67,10.6269,0,0,0,
emirate=Ras Al Khaimah | education_type=Continuous Education | curriculum=Ministry of Education Curriculum,Ras Al Khaimah,Continuous Education,,,Ministry of Education Curriculum,935,1,0,,0,0,0,
emirate=Ras Al Khaimah | education_type=Continuous Education | gender=Female | curriculum=Ministry of Education Curriculum,Ras Al Khaimah,Continuous Education,Female,,Ministry of Education Curriculum,263,1,0,,0,0,0,
emirate=Ras Al Khaimah | education_type=Continuous Education | gender=Male | curriculum=Ministry of Education Curriculum,Ras Al Khaimah,Continuous Education,Male,,Ministry of Education Curriculum,672,1,0,,0,0,0,
emirate=Ras Al Khaimah | education_type=Private Schools MOE Curriculum | curriculum=U.A.E,Ras Al Khaimah,Private Schools MOE Curriculum,,,U.A.E,9307,16,823,11.3086,0,0,0,
emirate=Ras Al Khaimah | education_type=Private Schools MOE Curriculum | gender=Female | curriculum=U.A.E,Ras Al Khaimah,Private Schools MOE Curriculum,Female,,U.A.E,4479,16,823,5.4423,0,0,0,
emirate=Ras Al Khaimah | education_type=Private Schools MOE Curriculum | gender=Male | curriculum=U.A.E,Ras Al Khaimah,Private Schools MOE Curriculum,Male,,U.A.E,4828,16,823,5.8663,0,0,0,
emirate=Ras Al Khaimah | education_type=Private Schools Non MOE Curriculum in the four northern emirates | curriculum=American,Ras Al Khaimah,Private Schools Non MOE Curriculum in the four northern emirates,,,American,25641,3,1321,19.4103,0,0,0,
emirate=Ras Al Khaimah | education_type=Private Schools Non MOE Curriculum in the four northern emirates | gender=Female | curriculum=American,Ras Al Khaimah,Private Schools Non MOE Curriculum in the four northern emirates,Female,,American,12355,3,1321,9.3528,0,0,0,
emirate=Ras Al Khaimah | education_type=Private Schools Non MOE Curriculum in the four northern emirates | gender=Male | curriculum=American,Ras Al Khaimah,Private Schools Non MOE Curriculum in the four northern emirates,Male,,American,13286,3,1321,10.0575,0,0,0,
emirate=Ras Al Khaimah | education_type=Private Schools Non MOE Curriculum in the four northern emirates | curriculum=Bangladeshi,Ras Al Khaimah,Private Schools Non MOE Curriculum in the four northern emirates,,,Bangladeshi,25641,1,1321,19.4103,0,0,0,
emirate=Ras Al Khaimah | education_type=Private Schools Non MOE Curriculum in the four northern emirates | gender=Female | curriculum=Bangladeshi,Ras Al Khaimah,Private Schools Non MOE Curriculum in the four northern emirates,Female,,Bangladeshi,12355,1,1321,9.3528,0,0,0,
emirate=Ras Al Khaimah | education_type=Private Schools Non MOE Curriculum in the four northern emirates | gender=Male | curriculum=Bangladeshi,Ras Al Khaimah,Private Schools Non MOE Curriculum in the four northern emirates,Male,,Bangladeshi,13286,1,1321,10.0575,0,0,0,
emirate=Ras Al Khaimah | education_type=Private Schools Non MOE Curriculum in the four northern emirates | curriculum=G.C.S.E,Ras Al Khaimah,Private Schools Non MOE Curriculum in the four northern emirates,,,G.C.S.E,25641,6,1321,19.4103,0,0,0,
emirate=Ras Al Khaimah | education_type=Private Schools Non MOE Curriculum in the four northern emirates | gender=Female | curriculum=G.C.S.E,Ras Al Khaimah,Private Schools Non MOE Curriculum in the four northern emirates,Female,,G.C.S.E,12355,6,1321,9.3528,0,0,0,
emirate=Ras Al Khaimah | education_type=Private Schools Non MOE Curriculum in the four northern emirates | gender=Male | curriculum=G.C.S.E,Ras Al Khaimah,Private Schools Non MOE Curriculum in the four northern emirates,Male,,G.C.S.E,13286,6,1321,10.0575,0,0,0,
emirate=Ras Al Khaimah | education_type=Private Schools Non MOE Curriculum in the four northern emirates | curriculum=I.B.,Ras Al Khaimah,Private Schools Non MOE Curriculum in the four northern emirates,,,I.B.,25641,1,1321,19.4103,0,0,0,
emirate=Ras Al Khaimah | education_type=Private Schools Non MOE Curriculum in the four northern emirates | gender=Female | curriculum=I.B.,Ras Al Khaimah,Private Schools Non MOE Curriculum in the four northern emirates,Female,,I.B.,12355,1,1321,9.3528,0,0,0,
emirate=Ras Al Khaimah | education_type=Private Schools Non MOE Curriculum in the four northern emirates | gender=Male | curriculum=I.B.,Ras Al Khaimah,Private Schools Non MOE Curriculum in the four northern emirates,Male,,I.B.,13286,1,1321,10.0575,0,0,0,
emirate=Ras Al Khaimah | education_type=Private Schools Non MOE Curriculum in the four northern emirates | curriculum=Indian,Ras Al Khaimah,Private Schools Non MOE Curriculum in the four northern emirates,,,Indian,25641,7,1321,19.4103,0,0,0,
emirate=Ras Al Khaimah | education_type=Private Schools Non MOE Curriculum in the four northern emirates | gender=Female | curriculum=Indian,Ras Al Khaimah,Private Schools Non MOE Curriculum in the four northern emirates,Female,,Indian,12355,7,1321,9.3528,0,0,0,
emirate=Ras Al Khaimah | education_type=Private Schools Non MOE Curriculum in the four northern emirates | gender=Male | curriculum=Indian,Ras Al Khaimah,Private Schools Non MOE Curriculum in the four northern emirates,Male,,Indian,13286,7,1321,10.0575,0,0,0,
emirate=Ras Al Khaimah | education_type=Private Schools Non MOE Curriculum in the four northern emirates | curriculum=Pakistani,Ras Al Khaimah,Private Schools Non MOE Curriculum in the four northern emirates,,,Pakistani,25641,1,1321,19.4103,0,0,0,
emirate=Ras Al Khaimah | education_type=Private Schools Non MOE Curriculum in the four northern emirates | gender=Female | curriculum=Pakistani,Ras Al Khaimah,Private Schools Non MOE Curriculum in the four northern emirates,Female,,Pakistani,12355,1,1321,9.3528,0,0,0,
emirate=Ras Al Khaimah | education_type=Private Schools Non MOE Curriculum in the four northern emirates | gender=Male | curriculum=Pakistani,Ras Al Khaimah,Private Schools Non MOE Curriculum in the four northern emirates,Male,,Pakistani,13286,1,1321,10.0575,0,0,0,
emirate=Ras Al Khaimah | education_type=Private Schools Non MOE Curriculum in the four northern emirates | curriculum=Special,Ras Al Khaimah,Private Schools Non MOE Curriculum in the four northern emirates,,,Special,25641,1,1321,19.4103,0,0,0,
emirate=Ras Al Khaimah | education_type=Private Schools Non MOE Curriculum in the four northern emirates | gender=Female | curriculum=Special,Ras Al Khaimah,Private Schools Non MOE Curriculum in the four northern emirates,Female,,Special,12355,1,1321,9.3528,0,0,0,
emirate=Ras Al Khaimah | education_type=Private Schools Non MOE Curriculum in the four northern emirates | gender=Male | curriculum=Special,Ras Al Khaimah,Private Schools Non MOE Curriculum in the four northern emirates,Male,,Special,13286,1,1321,10.0575,0,0,0,
emirate=Ras Al Khaimah | education_type=Public | curriculum=Ministry of Education Curriculum,Ras Al Khaimah,Public,,,Ministry of Education Curriculum,33229,63,2241,14.8278,0,0,0,
emirate=Ras Al Khaimah | education_type=Public | gender=Female | curriculum=Ministry of Education Curriculum,Ras Al Khaimah,Public,Female,,Ministry of Education Curriculum,16536,63,2241,7.3788,0,0,0,
emirate=Ras Al Khaimah | education_type=Public | gender=Male | curriculum=Ministry of Education Curriculum,Ras Al Khaimah,Public,Male,,Ministry of Education Curriculum,16693,63,2241,7.4489,0,0,0,
emirate=Ras Al Khaimah | education_type=Public Ajyal | curriculum=Ministry of Education Curriculum,Ras Al Khaimah,Public Ajyal,,,Ministry of Education Curriculum,2313,4,171,13.5263,0,0,0,
emirate=Ras Al Khaimah | education_type=Public Ajyal | gender=Female | curriculum=Ministry of Education Curriculum,Ras Al Khaimah,Public Ajyal,Female,,Ministry of Education Curriculum,1153,4,171,6.7427,0,0,0,
emirate=Ras Al Khaimah | education_type=Public Ajyal | gender=Male | curriculum=Ministry of Education Curriculum,Ras Al Khaimah,Public Ajyal,Male,,Ministry of Education Curriculum,1160,4,171,6.7836,0,0,0,
emirate=SHARJAH | education_type=Applied Technology High School (ATHS) | curriculum=ATHS,SHARJAH,Applied Technology High School (ATHS),,,ATHS,454,1,53,8.566,0,0,0,
emirate=SHARJAH | education_type=Applied Technology High School (ATHS) | gender=Female | curriculum=ATHS,SHARJAH,Applied Technology High School (ATHS),Female,,ATHS,0,1,53,0.0,0,0,0,
emirate=SHARJAH | education_type=Applied Technology High School (ATHS) | gender=Male | curriculum=ATHS,SHARJAH,Applied Technology High School (ATHS),Male,,ATHS,454,1,53,8.566,0,0,0,
emirate=SHARJAH | education_type=Continuous Education | curriculum=Ministry of Education Curriculum,SHARJAH,Continuous Education,,,Ministry of Education Curriculum,1936,1,0,,0,0,0,
emirate=SHARJAH | education_type=Continuous Education | gender=Female | curriculum=Ministry of Education Curriculum,SHARJAH,Continuous Education,Female,,Ministry of Education Curriculum,757,1,0,,0,0,0,
emirate=SHARJAH | education_type=Continuous Education | gender=Male | curriculum=Ministry of Education Curriculum,SHARJAH,Continuous Education,Male,,Ministry of Education Curriculum,1179,1,0,,0,0,0,
emirate=SHARJAH | education_type=Private Schools MOE Curriculum | curriculum=U.A.E,SHARJAH,Private Schools MOE Curriculum,,,U.A.E,36823,31,2728,13.4982,0,0,0,
emirate=SHARJAH | education_type=Private Schools MOE Curriculum | gender=Female | curriculum=U.A.E,SHARJAH,Private Schools MOE Curriculum,Female,,U.A.E,18335,31,2728,6.721,0,0,0,
emirate=SHARJAH | education_type=Private Schools MOE Curriculum | gender=Male | curriculum=U.A.E,SHARJAH,Private Schools MOE Curriculum,Male,,U.A.E,18488,31,2728,6.7771,0,0,0,
emirate=SHARJAH | education_type=Public | curriculum=Ministry of Education Curriculum,SHARJAH,Public,,,Ministry of Education Curriculum,25593,56,1773,14.4349,0,0,0,
emirate=SHARJAH | education_type=Public | gender=Female | curriculum=Ministry of Education Curriculum,SHARJAH,Public,Female,,Ministry of Education Curriculum,13561,56,1773,7.6486,0,0,0,
emirate=SHARJAH | education_type=Public | gender=Male | curriculum=Ministry of Education Curriculum,SHARJAH,Public,Male,,Ministry of Education Curriculum,12032,56,1773,6.7862,0,0,0,
emirate=SHARJAH | education_type=Public Ajyal | curriculum=Ministry of Education Curriculum,SHARJAH,Public Ajyal,,,Ministry of Education Curriculum,1444,2,89,16.2247,0,0,0,
emirate=SHARJAH | education_type=Public Ajyal | gender=Female | curriculum=Ministry of Education Curriculum,SHARJAH,Public Ajyal,Female,,Ministry of Education Curriculum,722,2,89,8.1124,0,0,0,
emirate=SHARJAH | education_type=Public Ajyal | gender=Male | curriculum=Ministry of Education Curriculum,SHARJAH,Public Ajyal,Male,,Ministry of Education Curriculum,722,2,89,8.1124,0,0,0,
emirate=Sharjah / Eastern | education_type=Public | curriculum=Ministry of Education Curriculum,Sharjah / Eastern,Public,,,Ministry of Education Curriculum,16993,36,1077,15.7781,0,0,0,
emirate=Sharjah / Eastern | education_type=Public | gender=Female | curriculum=Ministry of Education Curriculum,Sharjah / Eastern,Public,Female,,Ministry of Education Curriculum,8597,36,1077,7.9824,0,0,0,
emirate=Sharjah / Eastern | education_type=Public | gender=Male | curriculum=Ministry of Education Curriculum,Sharjah / Eastern,Public,Male,,Ministry of Education Curriculum,8396,36,1077,7.7957,0,0,0,
emirate=Sharjah / Eastern | education_type=Public Ajyal | curriculum=Ministry of Education Curriculum,Sharjah / Eastern,Public Ajyal,,,Ministry of Education Curriculum,1310,2,107,12.243,0,0,0,
emirate=Sharjah / Eastern | education_type=Public Ajyal | gender=Female | curriculum=Ministry of Education Curriculum,Sharjah / Eastern,Public Ajyal,Female,,Ministry of Education Curriculum,678,2,107,6.3364,0,0,0,
emirate=Sharjah / Eastern | education_type=Public Ajyal | gender=Male | curriculum=Ministry of Education Curriculum,Sharjah / Eastern,Public Ajyal,Male,,Ministry of Education Curriculum,632,2,107,5.9065,0,0,0,
emirate=Umm Al Quwain | education_type=Applied Technology High School (ATHS) | curriculum=ATHS,Umm Al Quwain,Applied Technology High School (ATHS),,,ATHS,692,2,73,9.4795,0,0,0,
emirate=Umm Al Quwain | education_type=Applied Technology High School (ATHS) | gender=Female | curriculum=ATHS,Umm Al Quwain,Applied Technology High School (ATHS),Female,,ATHS,470,2,73,6.4384,0,0,0,
emirate=Umm Al Quwain | education_type=Applied Technology High School (ATHS) | gender=Male | curriculum=ATHS,Umm Al Quwain,Applied Technology High School (ATHS),Male,,ATHS,222,2,73,3.0411,0,0,0,
emirate=Umm Al Quwain | education_type=Continuous Education | curriculum=Ministry of Education Curriculum,Umm Al Quwain,Continuous Education,,,Ministry of Education Curriculum,559,1,0,,0,0,0,
emirate=Umm Al Quwain | education_type=Continuous Education | gender=Female | curriculum=Ministry of Education Curriculum,Umm Al Quwain,Continuous Education,Female,,Ministry of Education Curriculum,163,1,0,,0,0,0,
emirate=Umm Al Quwain | education_type=Continuous Education | gender=Male | curriculum=Ministry of Education Curriculum,Umm Al Quwain,Continuous Education,Male,,Ministry of Education Curriculum,396,1,0,,0,0,0,
emirate=Umm Al Quwain | education_type=Private Schools MOE Curriculum | curriculum=U.A.E,Umm Al Quwain,Private Schools MOE Curriculum,,,U.A.E,1988,2,155,12.8258,0,0,0,
emirate=Umm Al Quwain | education_type=Private Schools MOE Curriculum | gender=Female | curriculum=U.A.E,Umm Al Quwain,Private Schools MOE Curriculum,Female,,U.A.E,1069,2,155,6.8968,0,0,0,
emirate=Umm Al Quwain | education_type=Private Schools MOE Curriculum | gender=Male | curriculum=U.A.E,Umm Al Quwain,Private Schools MOE Curriculum,Male,,U.A.E,919,2,155,5.929,0,0,0,
emirate=Umm Al Quwain | education_type=Private Schools Non MOE Curriculum in the four northern emirates | curriculum=American,Umm Al Quwain,Private Schools Non MOE Curriculum in the four northern emirates,,,American,7099,2,489,14.5174,0,0,0,
emirate=Umm Al Quwain | education_type=Private Schools Non MOE Curriculum in the four northern emirates | gender=Female | curriculum=American,Umm Al Quwain,Private Schools Non MOE Curriculum in the four northern emirates,Female,,American,3404,2,489,6.9611,0,0,0,
emirate=Umm Al Quwain | education_type=Private Schools Non MOE Curriculum in the four northern emirates | gender=Male | curriculum=American,Umm Al Quwain,Private Schools Non MOE Curriculum in the four northern emirates,Male,,American,3695,2,489,7.5562,0,0,0,
emirate=Umm Al Quwain | education_type=Private Schools Non MOE Curriculum in the four northern emirates | curriculum=Indian,Umm Al Quwain,Private Schools Non MOE Curriculum in the four northern emirates,,,Indian,7099,3,489,14.5174,0,0,0,
emirate=Umm Al Quwain | education_type=Private Schools Non MOE Curriculum in the four northern emirates | gender=Female | curriculum=Indian,Umm Al Quwain,Private Schools Non MOE Curriculum in the four northern emirates,Female,,Indian,3404,3,489,6.9611,0,0,0,
emirate=Umm Al Quwain | education_type=Private Schools Non MOE Curriculum in the four northern emirates | gender=Male | curriculum=Indian,Umm Al Quwain,Private Schools Non MOE Curriculum in the four northern emirates,Male,,Indian,3695,3,489,7.5562,0,0,0,
emirate=Umm Al Quwain | education_type=Private Schools Non MOE Curriculum in the four northern emirates | curriculum=Special,Umm Al Quwain,Private Schools Non MOE Curriculum in the four northern emirates,,,Special,7099,1,489,14.5174,0,0,0,
emirate=Umm Al Quwain | education_type=Private Schools Non MOE Curriculum in the four northern emirates | gender=Female | curriculum=Special,Umm Al Quwain,Private Schools Non MOE Curriculum in the four northern emirates,Female,,Special,3404,1,489,6.9611,0,0,0,
emirate=Umm Al Quwain | education_type=Private Schools Non MOE Curriculum in the four northern emirates | gender=Male | curriculum=Special,Umm Al Quwain,Private Schools Non MOE Curriculum in the four northern emirates,Male,,Special,3695,1,489,7.5562,0,0,0,
emirate=Umm Al Quwain | education_type=Public | curriculum=Ministry of Education Curriculum,Umm Al Quwain,Public,,,Ministry of Education Curriculum,5300,14,415,12.7711,0,0,0,
emirate=Umm Al Quwain | education_type=Public | gender=Female | curriculum=Ministry of Education Curriculum,Umm Al Quwain,Public,Female,,Ministry of Education Curriculum,2837,14,415,6.8361,0,0,0,
emirate=Umm Al Quwain | education_type=Public | gender=Male | curriculum=Ministry of Education Curriculum,Umm Al Quwain,Public,Male,,Ministry of Education Curriculum,2463,14,415,5.9349,0,0,0,
emirate=Umm Al Quwain | education_type=Public Ajyal | curriculum=Ministry of Education Curriculum,Umm Al Quwain,Public Ajyal,,,Ministry of Education Curriculum,672,1,47,14.2979,0,0,0,
emirate=Umm Al Quwain | education_type=Public Ajyal | gender=Female | curriculum=Ministry of Education Curriculum,Umm Al Quwain,Public Ajyal,Female,,Ministry of Education Curriculum,330,1,47,7.0213,0,0,0,
emirate=Umm Al Quwain | education_type=Public Ajyal | gender=Male | curriculum=Ministry of Education Curriculum,Umm Al Quwain,Public Ajyal,Male,,Ministry of Education Curriculum,342,1,47,7.2766,0,0,0,
